,title,content,date
0,"
Just died 237 days after purchase.
","

  I've been plagued with Windows 10 blue screen errors that grew in frequency over the last couple of weeks. It's almost always ""WHEA UNCORRECTABLE ERROR"". Now I cannot even boot into Windows without almost immediately getting a blue screen. I've tried new RAM, so that is ruled out. I tried a new SSD, no dice. I took out my GPU and ran from on-board graphics, no dice.I unplugged everything required for the PC to run. I didn't even have a HDD or SSD installed. I popped in my Windows 10 USB installer, annnnnd blue screen. WHEA UNCORRECTABLE ERROR. I swapped in a friend's CPU to test my motherboard and make absolutely certain there was nothing wrong with it, and everything booted up and worked flawlessly.We put the CPU into his motherboard, blue screen. WHEA UNCORRECTABLE ERROR.  The CPU is completely dead. It was never overclocked (it obviously can't be since it's non-K). It was definitely properly cooled for all 237 days that it was installed. It was never overheated or even used for gaming. At worst it was used for a design software that recommends a 3rd gen quad core.This is a well taken care of machine, and the CPU completely gave up on me for no reason at all.

","Reviewed in the United States on April 29, 2018"
1,"
awesome Processor can't really go wrong with an i5
","

  came in time for the build! awesome Processor can't really go wrong with an i5.... if your looking to render Massive video files or major editing i wouldn't upgrade to a i7

","Reviewed in the United States on November 1, 2018"
2,"
I like it so far!
","

  At first I was thinking of getting the overclockable version, but coming from a potato laptop with a 4th gen i7 processor, I was okay with getting this version i5-8400, I like it, it's snappy fast, all works good so far, and i'm happy to say that, because I've never built a PC before and I just did 2 days ago by watching youtube tutorials lol, but I realized that if I wanted the i5-8600k I needed to  get a more expensive motherboard, so I ended up saving lots of money to invest in the GPU and other peripherals.-----------------------------------------------------------------------------------------------------------------------------------------  UPDATE 2/25/2019 :After about a month of using my PC with this processor, I haven't had any issues with it! installed Extreme utility Tool for intel to verify the temps of the processor, Playing fornite after 1 - 3 hours, it has not exceeded more than 57 Degrees, so it was always pretty cool, I'm using the CPU cooler Deepcool Gammaxx 400 white LED.  CPU usage never exceeded 75% I believe also while playing/rendering, used this processor with the Asus dual GTX 1060 6GB + 16GB 2400mhz Ram.For an 8 minute video in 1080p 60fps format, it took about 10-20 minutes of rendering ( of course load is both on the CPU and GPU during this process) , paired with the board : B360M DS3H + SSD Adata 240GB, the PC boots in 13-16 seconds from the moment I press the power on button on my computer. I am happy I went with this processor instead of the i3-8100 ( which I was thinking of at first ) but my friend suggested an i5 of the 8th gen at least for basic future proofing .( BTW ) my YT channel is : Zealous Pumpkin check me out ! I do meme edits and funny videos about fortnite lol!-----------------------------------------------------------------------------------------------------------------------------------------UPDATE 4/17/2019:3 months in using this beautiful underrated CPU! This thing is really nice , For any interested gamer ,Fortnite 1080p Maxed out an i5-8400 CPU + GTX 1060 6GB will play from 60-90fps , I cap my fps to 120 with my custom settings and with unlimited fps, it can reach 200fps+ sometimes and minimum 120. this processor with the right cooler, has never gone over 60C for me , and I live in quite a hot country btw. got this for 179.99$ before black friday and have never seen it go lower than that ( Just once on May-August 2018) for the same price but never again , so it was a great deal.

","Reviewed in the United States on November 1, 2018"
3,"
LOVE the provided fan mount!
","

  I recently moved from AMD to Intel and love that I did.  I went with a Gigabyte Z390 Aorus Ultra motherboard, the fan mounts are great, they just snap in place (not like the lever I had to use my AMD fans).  I elected to use a water color I bought for my AMD, the upHere Technology all-in-one 120 mm PWM fan and works just fine.  Although the cooler lists it doesn't work with 1151, it fits just fine (look online for installation).I primarily upgraded to be able to support World of Warcraft (WoW) battle grounds (BGs), especially the epic ones with 2 x 40 people in them.  The chip was defaulted to 2.8 gHz, before doing any dabbling on overclocking....I tested it out in the BGs.  Worked great, even when in close proximity of 50 people (no lag).  My AMD was at 3.6 gHz (using 32 gb of ram) and this runs better even though I am only using 2 x 4 gb ram strips on my intel setup.

","Reviewed in the United States on April 29, 2018"
4,"
Best CPU you can buy for under $200
","

  This is my 4th build with this CPU (3 of them for computers running Blue Iris Security camera software).Great performance and Blue Iris is much much happier with this i5.  My 7400 series was often hitting 80% cpu usage with 6 cameras in 720p resolution; with this bad boy it is now averaging 9 percent cpu usage.

","Reviewed in the United States on January 15, 2019"
5,"
Superb CPU!
","

  For anyone on a budget, looking to get the best bang for your buck... let me eliminate your guess work... GET THIS CHIPSET. It is an extremely powerful CPU for the price and don't let the clock speed worry you, this Chip will run close to 3.9 on multiple cores. Pair this up with a z370 motherboard to make the best of it. If you are on a budget, you won't regret getting this thing.

","Reviewed in the United States on January 19, 2019"
6,"
Fast, great for gaming well worth the purchase
","

  Upgraded from an old AMD 955 black edition to the 8400.  Work greats, much faster, improved gaming results, all the obvious things.Only downside is I'll need a space heater for my office, my old amd 955 worked great in that regard.

","Reviewed in the United States on July 20, 2018"
7,"
Perfect for Mid-Level Gamers!
","

  Great! Runs super fast in games paired with a GIGABYTE GTX 1080. Can get hot but with the right cooler, should be okay. Heavily recommended for a mid-level gaming build!

","Reviewed in the United States on April 23, 2018"
8,"
Perfect for 1080p gaming and likely 1440p.
","

  Pros:- Easy to install (no overclocking and stock cooler is enough in most scenarios)- 6 Cores.- Benches extremely well relative to other CPUs and other i5-8400s ( I hear some pass quality control with issues that still allow it to function but significantly limits its power).- Low heat and power consumption- Capable Internal GPU.Cons:- A little pricy for a locked processor.- No hyperthreading.I recently got a 240 hz monitor and this processor can maintain 200+ fps for most the games I play (League of Legends, World of Warcraft, Overwatch) while having twitch open. I only have an old rx 580 so its likely the bottleneck.Previously I had a 120hz 1080p monitor and with uncapped framerate it can push up to 360 fps in League of Legends with the onboard UHD 630 graphics card.

","Reviewed in the United States on February 25, 2018"
9,"
Mind Blowing performance
","

  Its so fast... Its so ungodly fast. I've never seen a CPU this fast in my life. This chip is incredible. What do you wanna do on a pc? Anything? Everything? I cant think of anything I could wanna do that I cant do on this CPU. By the way, this card is a perfect match for a GTX 1660. If thats the card your looking at, this is the cheapest CPU to enjoy that card at its full potential.

","Reviewed in the United States on May 13, 2018"
10,"
DON""T NEED AN i7 FOR GAMING WITH THIS CPU!!
","

  6 cores and 6 theads,, More than you need for any game. Grab a B360M motherboard and set all cores to 4.0ghz and xmp boost your ram,,, boom, you have a gaming monster that is with in 6-10% of an i7 8700 in all gaming applications.!!  Pair with any GPU and have no worries. Best gaming cpu in my opinion for the dollar period. And I have owned and benched all the coffee lake series cpu's.. This one by far is my guilt free cpu when spending for gaming. You will have zero regrets buying this cpu guaranteed.!!

","Reviewed in the United States on April 29, 2018"
11,"
nice cpu
","

  it is easily installed. i used my old cooler master 212 evo on had a my 1155 socket cpu on it. i haven't pushed this cpu like i did my previous but it works well. the core temperature are in the high 3x  and low 4x when boot from a cool state. but i haven't stressed it to see how high it will go. only game i played so far was rad rodgers and it handle that easily with a gtx 1060. will update review if necessary.

","Reviewed in the United States on November 1, 2018"
12,"
Great CPU for everyday use, but even gaming.
","

  I purchased this for a build that is used for thermal imaging. The 8400 is a powerful processor for its class. Can't overclock it since it's not unlocked, but it still handles rendering thermal images like a champ, and given the option, can even hold up with AAA title games.

","Reviewed in the United States on February 27, 2019"
13,"
Excelente
","

  Excelente procesador va da maravilla para el Gaming corre todo a la perfecci√≥n y lo recomiendo mucho por su calidad y precio.

","Reviewed in the United States on November 24, 2018"
14,"
It does support LGA1551 sockets
","

  I have no problems with the CPU I‚Äôve had for almost a month now it‚Äôs definitely budget friendly, it helped me on my motherboard that supports a LGA1151 socket I‚Äôm glad it could come with a stock cooler fan too. If you‚Äôre new to PC building this is ideally a good CPU for your setup it‚Äôs very underrated and I don‚Äôt see in the near future trying to replace this chip. You can‚Äôt overclock it it‚Äôs locked but really it‚Äôs worth the price and the performance it comes along with it.

","Reviewed in the United States on April 15, 2020"
15,"
Great Value
","

  Working well so far. Mine came with a CPU cooler fan (that I didn't end up using), that does already have thermal paste applied on it so you don't have to do it yourself.

","Reviewed in the United States on September 10, 2018"
16,"
Better than expected
","

  Clearly marked as a 2.8 GHZ processor. However, in the description of the item it stated it as a 4.0 GHZ. They have since changed the headline to say ""up to 4.0 GHZ"". After about 1 week of gaming, I would have to say I see a noticeable upgrade from my previous CPU (i5-7400 3 GHZ). Also, I use this PC for video editing and this new PC made a HUGE difference. Happy with my purchase. Only gave 4 stars due to the misleading title when first purchased.

","Reviewed in the United States on February 2, 2019"
17,"
Easy install, but Hyper Threading not available?
","

  I am satisfied overall with i5s over i7s, as I did my wife's previous build with a 6th gen i5. The specs sheet says Hyperthreading is supported, as well as my new motherboard (MSI B360M Mortar), however the BIOS says it's not available? I may come back and amend my rating if I figure it later. otherwise, it's as powerful as ever with an 8th gen.

","Reviewed in the United States on May 28, 2020"
18,"
Best Value For CPU in 2018
","

  Quality CPU. Probably the best value for a solid budget gaming build in 2018. If you are intending on playing any new large open world games in higher resolutions I would recommend the 8700k, but for medi-high settings at around 40-50 fps on such games in 1080p, this CPU works excellently.  Also pretty decent for HD video editing/rendering.

","Reviewed in the United States on January 16, 2020"
19,"
easy to install, and it's lightning fast. runs pretty cool without much modding
","

  I have a thermalite fan and artic thermal paste, and this runs about 44-48 degrees centigrade for me, so that' pretty cool form what I'm used to.  It is lightning fast and I've so far been very impressed with this CPU for the cost. I got away from AMD after getting tired of various problems I've had over the years with them.

","Reviewed in the United States on April 2, 2019"
20,"
Easy install and runs smooth
","

  Paired with an EVGA 1070 and currently running most of my competitive games (R6S, OW, etc.) on higher settings at 90-100+ fps for a consistent, smooth and quiet experience. I limit my games to about 120 fps usually, use that GSync to run beautifully but to not overwork my computer. Very happy. Maybe consider a better CPU fan but that about it.

","Reviewed in the United States on April 29, 2018"
21,"
Before you buy
","

  More than I needed. If you are on a budget, I would recommend a newer (8th gen and above) i3 and put the money you save towards a more powerful graphics card. However, all in all I love my i5 and it'll stay with me for a long time.

","Reviewed in the United States on November 1, 2018"
22,"
6 cores on a budget!
","

  This is the cheapest 6 core processor you can get, and it is very nice. I decided this was the ideal processor for my HTPC gaming build, since I didn‚Äôt plan on overclocking and didn‚Äôt want to drop a bunch of money on an i7. This processor is more than sufficient for my build and gets an enthusiastic 5 stars from me.

","Reviewed in the United States on June 28, 2019"
23,"
great processor
","

  this is a great processorit runs all my games smoothly on maxi run it with a gtx 1060 6 gig and 16 gigs of rami have owned it now for a little over a year and have had no problems with iti would definitely buy it again

","Reviewed in the United States on September 2, 2018"
24,"
Great i5, Killing my I7-4790
","

  Really nice build with this processor, stock cooling is quiet and fine, and the unit is making my I7-4790 feel sad, as it is a definite upgrade from that model. For the price, this processor makes for a really nice fast desktop, and paired with 32GB of ram, I can't be happier.

","Reviewed in the United States on October 12, 2018"
25,"
Great performance per dollar
","

  I originally wanted the i5 8600k, but I couldn't justify the price difference. If you need a great processor for gaming or any other CPU intensive software loads, and you're not interested in over clocking, this is probably the best Intel solution for the money.

","Reviewed in the United States on February 4, 2020"
26,"
Powerfull and cheap
","

  The best generational jump is 7th to 8th, this i5 work perfectly for gaming (high ipc) and it have a good amount of cores and speed. Buy this instead of the 8600k, if you want a better cpu jump to 8700 or 8700k.

","Reviewed in the United States on January 29, 2019"
27,"
one of the best processor out there!!!
","

  One of the best processor out there. I got this processor for a very good price which I have never seen again because its' always out of the stock or very expensive. I guess I got lucky. I highly recommend it!!!!!

","Reviewed in the United States on March 2, 2019"
28,"
Good enough for most things.
","

  Fantastic price compared to the other options, you lose overclocking and just a touch of speed, but if you aren't a super heavy online gamer, and do light-moderate drafting or tasks that aren't overkill demanding at home, perfect.I do a bit of gaming, 3D work, and editing at home and I have no issues with this cpu.

","Reviewed in the United States on September 16, 2018"
29,"
I build only INTEL CPU based workstations for my clients
","

  I build only INTEL CPU based workstations for my clients.  INTEL CPU's rarely fail even when my clients have not kept them properly cooled.  I prefer INTEL over AMD nine out of 10 times.  Over the years I have had multiple AMD CPU's fail while the INTEL may tend to run at a lower speed.

","Reviewed in the United States on July 13, 2019"
30,"
Quick, Good Price
","

  Handles multi and single thread applications great, I think the price point was very good at the time of purchase

","Reviewed in the United States on April 29, 2018"
31,"
Problem solved - works great.
","

  I had problems with a gaming desktop system, so I decided to rebuild it with a new motherboard and CPU.  The install was easy and the upgraded system has been running for eight months without any issues.

","Reviewed in the United States on November 1, 2018"
32,"
Exactly the CPU for me
","

  I am a programmer, non-gamer, multi monitor loving guy and this CPU does it all very easily for LOW power (65W) all day/night long. With a Cooloermaster cooler (for tropical usage where I am), 32 G Corsair RAM and Samsung SSD - Asus MB - cannot be happier.

","Reviewed in the United States on March 27, 2020"
33,"
I'm an Intel fan
","

  I've always used Intel products. Part of my company is IT training and we order PC builds for our students. I've never had problems with Intel CPU's. The one thing you may want to be aware of is compatibility, make sure the board supports the edition you're purchasing.

","Reviewed in the United States on June 23, 2019"
34,"
Defective, maybe good cpu if it worked
","

  Easy to install, but I think the one i received was defective. Made clicking noise like it the cooling fan was hitting something constantly. Would short out in 3 different motherboard setups I tried. Will be sending back and buying a different generation.

","Reviewed in the United States on December 10, 2018"
35,"
not sure if its working
","

  I have yet to get this computer  operational.. I have lots of money tied up  in it.. Not for sure what part is defective..

","Reviewed in the United States on October 24, 2018"
36,"
WOW - i5 with 6 cores
","

  love it, its so fast and can handle multitasking like nothing I have experienced. Being a designer (video, photo), mobile game developer, gamer and streamer the multitasking is very important. I usually spring for an i7, but these 6 cores had me curious.This i5 is far superior than any previous gen i7. Save yourself the money and look no further.

","Reviewed in the United States on May 20, 2020"
37,"
This is one case where you don't get what you pay for.
","

  Way overpriced for the quality. Computer isn't necessarily slow, but it certainly isn't lightning fast, and there are a quite a few lag issues. 8G ram, so I know that's not the issue, especially when I'm talking about simply browsing and watching YouTube.

","Reviewed in the United States on January 15, 2020"
38,"
It kept crashing my computer
","

  I wish i could have seen this in full action put my computer kept crashing so i had to return it.

","Reviewed in the United States on December 13, 2018"
39,"
this is a great choice for the price ive had 0 temp issues ...
","

  For people wandering should you get this or the 8700k or even the 8600, this is a great choice for the price ive had 0 temp issues and no throttling or slow downs at all and it handles everything i put it through.

","Reviewed in the United States on March 25, 2019"
40,"
Not bad.
","

  First install BIOS has temp checks and output was pleasantly surprised. 60c at idle. Great processor for budget price.P.S. dont buy a fan if yo buy this it comes with a heatsing/fan with thermal paste already on it

","Reviewed in the United States on April 29, 2018"
41,"
Gaming
","

  Great product and fast delivery

","Reviewed in the United States on November 1, 2018"
42,"
Intel always delivers
","

  Works well for gaming and is a beast for office products.

","Reviewed in the United States on July 22, 2020"
43,"
Fantastic for the Price
","

  Works great and easy to install. THose who are looking into buying one for a budget gaming rig should buy this. Just make sure you get a motherboard that is compatible with this chip , also one you can update to a higher processor because you will probably want one as time goes on because games of course will need more power in later years. But this one will play everything you've always wanted to without any problems. Games i have installed are: Elder Scrolls Online , Fortnite, COD, League of Legends and so on. You can play a range of games with this chip.

","Reviewed in the United States on August 24, 2020"
44,"
Great CPU for gaming
","

  I love my i5, it works so much better than the i3 I had, the i3 could handle games but when it comes to video editing and streaming, it was lagging. My new i5 works great and can handle it all. If you cannot afford the i7 then this will be more than enough to run any game.

","Reviewed in the United States on May 24, 2020"
45,"
Great value for the money. working perfectly after 2 month's of use.
","

  Great cpu, incredible temperatures, if u are going cheap just go with amd, but this aint a bad deal.

","Reviewed in the United States on October 26, 2018"
46,"
Good product, great for gaming
","

  This was great for when I build my PC. Works great for gaming.

","Reviewed in the United States on March 17, 2019"
47,"
Meh
","

  I got this for a gaming rig that I built and wasn't the most impressed with it. I also have an older i7-4790K with a base clock speed of 4.0 GHz (turbos up to 4.4 GHz) and it feels just so much faster than this. For the price, I'd say just save a buck and get an older i7, this one didn't impress me all that much.

","Reviewed in the United States on April 22, 2019"
48,"
Speedy little thing... love it,, totally out classes my lower end i7
","

  Nice, fast and efficient, excellent Processor... totally out classes my i7 cant beat the number of hard and fast cores in this processor..works great!

","Reviewed in the United States on March 15, 2020"
49,"
Enough for me.
","

  I didn't have the cash to buy a higher version but this is enough for me right now and I can play most video games with this paired with a 1070ti without any issues and zero bottlenecks.

","Reviewed in the United States on December 2, 2018"
50,"
Great chip by Intel
","

  Super great processor, had for over a year now with 0 issues

","Reviewed in the United States on April 29, 2018"
51,"
Budget
","

  This makes an amazing processor for budget builds and mild overclocking. Performs with games like doom eternal and for a horizon 4 with no issues. Great for gaming but that‚Äôs about it I still recommend a ryzen cpu however as one at this price will perform way better.

","Reviewed in the United States on November 1, 2018"
52,"
Good Deal for Intel CPU over the Years
","

  The 8-th gen intel CPU has the best upgrade over the past years. With a 3rd party cooler, the CPU is able to work at the turbo frequency (~3.9GHz) stably over time. And the performance is really stunning. I usually used some scientific computing server for my project where I usually got assigned 10 cores, but this CPU is only slightly slower even though it only has 6 cores.

","Reviewed in the United States on January 19, 2020"
53,"
Best budget CPU
","

  This is the best budget gaming CPU you can find in market right now. With the ryse of Zen, I wanted to buy Ryzen but I think I made the correct choice.As great as Ryzen is, it was its first generation. If 2nd had been released at that time, maybe I would have gone for that but I still say this,  intel Core i5 8400 is today what 2500k was back in its time. The best gaming budget CPU.

","Reviewed in the United States on September 11, 2020"
54,"
Faulty CPU
","

  I hope someone can help. I bought this  to be paired with this Motherboardhttps://www.amazon.com/gp/product/B07CCWBV37/ref=oh_aui_detailpage_o00_s00?ie=UTF8&psc=1.Its  the Gigabyte Geforce GTX that it  was suggested to be used.CPU fault light is on. I'm also past my product support date.HELP !

","Reviewed in the United States on November 21, 2018"
55,"
failed.
","

  It failed today. First time in my life this happens with CPU. Completely dead.

","Reviewed in the United States on December 10, 2018"
56,"
Blazingly fast and an incredible upgrade for any previous-gen i3 ...
","

  Blazingly fast and an incredible upgrade for any previous-gen i3 or i5 user (as well as plenty of older gen i7 users!).

","Reviewed in the United States on November 5, 2018"
57,"
Zoom goes the new cpu
","

  Makes my old AMD cpu look like a pocket calculator.  6 cores 6 threads of buttery smoothness for a reasonable price.  The intel chip that punches well above it's weight class.Didn't receive case badge - 0/5 stars

","Reviewed in the United States on December 18, 2018"
58,"
Good processor
","

  It has been working and does good work great upgrade from a 2500k

","Reviewed in the United States on June 26, 2018"
59,"
Fast and durable
","

  Good speed and great for over clocking. Gaming is smooth and glitch free. Stays cool and performs well.

","Reviewed in the United States on July 28, 2018"
60,"
Good. Worth it, just don‚Äôt upgrade from an i3 if you have one because that would not be worth it, at least it wasn‚Äôt to me.
","

  I would have liked to seen the Gugahertz be a little higher, similar to the i3, but overall, is worth the money and performs well...I had another use for my i3 so this went good with my new build.

","Reviewed in the United States on April 29, 2018"
61,"
Buyer be aware - read the fine print
","

  I've received a weirdly open box item.A bit pricy for the condition an age of the CPU.Given the fact that is functional - so far, I did not returned.

","Reviewed in the United States on November 1, 2018"
62,"
Glad I got it when it was $180
","

  Its the coolest CPU in the house compared to my i7 920@3.8Ghz space heater ya I know 10 years to upgrade.. Pushes my Evga 1070 absolutely fine so I might be ready for at least 3-5 years.

","Reviewed in the United States on September 30, 2018"
63,"
Best value processor on the market.
","

  The Intel core i5-8400 is the best value processor on the market period. Great for gaming and productivity work. Pair with an SSD for a blazing fast experience.

","Reviewed in the United States on June 11, 2019"
64,"
Favorite Processor
","

  This process was very easy to install, and didn't require a liquid cooling system. This process is not use for gaming; however music and videos are viewed using this processor. The multi-tasking done on this process suits the needs of the person using this processor.

","Reviewed in the United States on December 24, 2018"
65,"
i5 processor
","

  Still running after a year

","Reviewed in the United States on June 6, 2018"
66,"
Great processor if you don't do a lot of multi-threaded ...
","

  Great processor if you don't do a lot of multi-threaded work. I would've probably been better off with a 4c/8t, but this one performs for what I need it to do -- at a fair price.

","Reviewed in the United States on March 7, 2020"
67,"
Five Stars
","

  big improvement over my FX-6350.

","Reviewed in the United States on January 10, 2020"
68,"
CPU for a mid-tier build
","

  This i5 8400 is a nice choice for a mid-tier gaming pc build at this point.  2.8 ghz base clock might seem low but it turbos to almost 4ghz.  Better value for money than the i5 8500.

","Reviewed in the United States on July 12, 2018"
69,"
Excelente
","

  Muy buen procesador, trabaja excelente

","Reviewed in the United States on July 11, 2018"
70,"
Very Pleased
","

  Put this on my home built used for flight simulation.  Works excellent and when I monitor CPU usage this baby is hardly utilized at all.  Best part of my entire system.

","Reviewed in the United States on April 29, 2018"
71,"
Great product for the price
","

  Works great it just sucks that I replaced this i7 first gen with an it but this i5 is great

","Reviewed in the United States on November 1, 2018"
72,"
Great processor
","

  I mostly use my computer to make music, and this processor handles whatever I need

","Reviewed in the United States on June 7, 2019"
73,"
Great Processor
","

  Fantastic processor and works really well. I was working on building an inexpensive computer and this was a very good choice in processor.

","Reviewed in the United States on October 5, 2019"
74,"
A+++
","

  Intel is just too good and stable. They have made another mid range chip that is just fantastic and reliable. Fast as the average user needs.

","Reviewed in the United States on August 5, 2019"
75,"
Must have for gaming
","

  Glad I went with this,  for the money you can‚Äôt beat it.  This was my first PC build and using ‚Äúuser benchmark‚Äù my PC is rated UFO.  A+

","Reviewed in the United States on November 17, 2019"
76,"
the product description does not mention that this CPU comes ...
","

  the product description does not mention that this CPU comes with the stock Intel CPU fan.so far, CPU is working as expected

","Reviewed in the United States on February 3, 2019"
77,"
No problems
","

  Love it. No problems

","Reviewed in the United States on January 21, 2019"
78,"
Great for gaming
","

  Another Intel processor that works well. They're like appliances now. Love the six core design. Install it and forget about it since there's no overclocking. It runs cool and so far has taken everything I've thrown it.

","Reviewed in the United States on May 8, 2018"
79,"
good cpu
","

  I really like it, i'm in saudi arabia and still not that much heat !!! in gaming of 8 hours + daily with itself fan!!!

","Reviewed in the United States on October 20, 2019"
80,"
working great no issues playing 7 days to die and have ...
","

  working great no issues playing 7 days to die and have played PUBG some Battlefield 4 and 1 watch a lot of netflix and amazon movies no issues

","Reviewed in the United States on April 29, 2018"
81,"
It's Still Working
","

  It's been about a year since I rebuilt my computer and so far it's done what it has needed to! What more can I say about it?

","Reviewed in the United States on November 1, 2018"
82,"
Make sure you buy the right motherboard
","

  This is a Generation 8 cpu, you will need a motherboard that supports this.Other than that, it is a great chip that gets everything done with minimal effort.

","Reviewed in the United States on June 24, 2018"
83,"
I got this i5 8400 at a great price! Shipping was fast as always
","

  I got this i5 8400 at a great price! Shipping was fast as always. 6 cores and 6 threads! This paired with 16 gb of ram and a m.2 this thing is fast! Great buy and great seller.

","Reviewed in the United States on December 24, 2018"
84,"
Great processor.
","

  Super fast super reliable

","Reviewed in the United States on March 15, 2019"
85,"
Great
","

  Best bang for your buck. Cheap. Stays cold as ice and plays most all newest titles at high resolution.

","Reviewed in the United States on March 9, 2018"
86,"
Worth the money for recording studio
","

  Works great as a recording CPU for Steinberg Nuendo and Cubase pro

","Reviewed in the United States on November 27, 2019"
87,"
Very Good CPU
","

  When paired with a decent GPU this CPU can run AAA titles at 100+ fps no problem, I personally like the auto boost feature where under pressure it will boost click up to 4.2 ghz

","Reviewed in the United States on November 8, 2018"
88,"
Very Fast Processor
","

  This processor does the job!

","Reviewed in the United States on July 14, 2019"
89,"
‚≠êÔ∏è‚≠êÔ∏è‚≠êÔ∏è‚≠êÔ∏è‚≠êÔ∏è
","

  ‚≠êÔ∏è‚≠êÔ∏è‚≠êÔ∏è‚≠êÔ∏è‚≠êÔ∏è

","Reviewed in the United States on July 9, 2020"
90,"
nice
","

  this thing is all a normal gamer needs maybe even a little overkill. If you can get it for the suggested retail of around 180$ it's a steal.

","Reviewed in the United States on April 29, 2018"
91,"
Perfect
","

  Perfect

","Reviewed in the United States on November 1, 2018"
92,"
it's been excellent!
","

  Extremely fast processor.  So far, it's been excellent!

","Reviewed in the United States on October 22, 2018"
93,"
Balance between price and power
","

  This is the heart of my new Linux business machine and is performing very well.

","Reviewed in the United States on March 1, 2020"
94,"
Good processor
","

  This processor is amazing good for the price, its a must have if your on a budget.

","Reviewed in the United States on January 24, 2018"
95,"
Easy to install
","

  It was actually the Motherboard that made it easy to install since it had a device to make sure you lined it up properly and a lever that pressed it down properly. It's been working great so far.

","Reviewed in the United States on August 18, 2019"
96,"
Excellent as described
","

  Excellent as described

","Reviewed in the United States on January 24, 2019"
97,"
Well-rounded CPU for work and play
","

  It's not the fastest offering from Intel, but it's suitable for nearly all workloads and performs exceedingly well for the price.  Can't say anything bad about it.

","Reviewed in the United States on December 1, 2018"
98,"
Great
","

  Water cooled on a corsair dual 120mm fan rad and is performing great. No thermal throttling or problems.

","Reviewed in the United States on August 5, 2019"
99,"
Awesome Proc. Fast in combination w/ ASUS H370-F Mo ...
","

  Awesome Proc.  Fast in combination w/ ASUS H370-F Mo BO and Corsair RAM.... A winning combination!

","Reviewed in the United States on December 10, 2018"
100,"
Good price/performance
","

  Works great together a Rx580 and b360m chipset. I play csgo, starcraft 2, fifa19, SW battlefront 2, batman arkham night in high settings without any trouble.If noise is something you really care, stock cooling can be kinda noisy on high workloads.

","Reviewed in the United States on April 29, 2018"
101,"
Great processor
","

  Nice fast processor. I bought this to put in a new photobooth pc build. A little overkill for my application but since the i5 was only a little more than the i3 I couldn‚Äôt help myself. Nice and fast and runs pretty cool.

","Reviewed in the United States on November 1, 2018"
102,"
Great product and the price is right
","

  This I5 processor is amazing, very easy to install.

","Reviewed in the United States on May 16, 2019"
103,"
Factory sealed
","

  Brand new, factory sealed. Described accurately

","Reviewed in the United States on April 15, 2018"
104,"
Una de mis mejores compras
","

  Si quieres empezar o armar una pc de entrada ya no compres un i3, escoge este i5

","Reviewed in the United States on February 15, 2019"
105,"
Great cpu for gaming if you‚Äôre on a budget
","

  Great gaming cpu for the money. Paired it with an RTX 2080 and 16gb of ram and I am more than satisfied with my pc. I could‚Äôve gotten an i7 or whatever else kind of cpu I wanted but wanted to give this one a try given it‚Äôs price of only $200 and it‚Äôs got 6 cores plus I was doing a b360 itx build. üëçüèº

","Reviewed in the United States on May 1, 2019"
106,"
great
","

  great

","Reviewed in the United States on June 9, 2020"
107,"
Good budget all around CPU
","

  Very good price for performance. Usually it is running 1 core at 3.9 GHz in turbo mode for simple linear processes. Stock cooler is a little loud. Get a Evo 212 or cryorig H7 and it will stay at max power with very little noise and under 50¬∞c

","Reviewed in the United States on December 31, 2018"
108,"
Lightning Fast
","

  Great processor!

","Reviewed in the United States on August 10, 2019"
109,"
Great processor
","

  Great processor upgraded from a i3 8100

","Reviewed in the United States on March 25, 2019"
110,"
Great Buy
","

  Fast chip, runs cool with stock heatsink.

","Reviewed in the United States on April 29, 2018"
111,"
Good deal
","

  Now it‚Äôs working very good

","Reviewed in the United States on November 1, 2018"
112,"
Easy installation, included fan is quiet and works great.
","

  Quick shipping, good value, easy installation, no problems with fan or anything else.  Installed it on my game PC and it works great.

","Reviewed in the United States on February 2, 2018"
113,"
Good all round Processor
","

  It will do anything I need to do Fast  Computer will Boot up in 10 seconds from restart

","Reviewed in the United States on March 10, 2020"
114,"
You can‚Äôt go wrong with intel
","

  Pops right in and you up and going reliable speeds and good performance

","Reviewed in the United States on April 28, 2018"
115,"
Great bang for the buck
","

  Great value CPU. Runs cool with the stock cooler and handles everything I need.

","Reviewed in the United States on April 2, 2019"
116,"
This is A great processor
","

  Love the speed for my graphics arts...  The price is a lil more than i wanted to pay but im satisfied

","Reviewed in the United States on October 16, 2018"
117,"
Great cpu
","

  Great gaming cpu. Paired with my gtx 1080 for great FPS

","Reviewed in the United States on October 25, 2018"
118,"
Just as good as the i7
","

  Easy to install. Runs super fast.

","Reviewed in the United States on June 8, 2018"
119,"
buena calidad
","

  buena

","Reviewed in the United States on November 1, 2018"
120,"
Fast and affordable
","

  I bought this CPU because my last one (an AMD FX-4300) wasn't cutting it anymore for my gaming needs. This one is so much faster. I couldn't be happier. Great speeds (~3.9 GHz when gaming), good price, lots of cores, and decent temperatures. I highly recommend it.

","Reviewed in the United States on April 29, 2018"
121,"
Five Stars
","

  Best bang for the buck right now.

","Reviewed in the United States on November 1, 2018"
122,"
Great gaming cpu for a decent price
","

  Hits 100 percent usage when using vr but other than that it's great for gaming

","Reviewed in the United States on June 21, 2018"
123,"
Good Processor!
","

  Really underrated CPU. Handles most of my games at max with my 1060 6gb card.

","Reviewed in the United States on July 2, 2018"
124,"
Great processor, but look  for new versions now are cheaper and better
","

  great six core processor with a great price and performance

","Reviewed in the United States on June 27, 2018"
125,"
Solid CPU
","

  For an every day user, not even noticeable from an i7

","Reviewed in the United States on April 4, 2019"
126,"
and if you do want is necessary to keep it cool, will last a long time
","

  It's doing the job, and if you do want is necessary to keep it cool , will last a long time.

","Reviewed in the United States on May 3, 2019"
127,"
Like it
","

  Excellent performance

","Reviewed in the United States on February 25, 2019"
128,"
Love intel
","

  Great cpu for streaming, faired really well at gaming too

","Reviewed in the United States on October 26, 2018"
129,"
works like a dream, hooked it up on my first try
","

  It comes with its own glue so you just set it carefully in place and its ready to go with a couple snaps and locks. I didnt even need to buy my own glue to set this up. I don't even hear this thing or see its heat get anywhere near dangerous levels.

","Reviewed in the United States on February 5, 2019"
130,"
Great buy
","

  This product fulfills its exact purpose without interuption.

","Reviewed in the United States on April 29, 2018"
131,"
Good
","

  Perfect

","Reviewed in the United States on November 1, 2018"
132,"
Great for the price
","

  Great upgrade coming from the AMD FX-8370. The price is great for how it performs in games. Pairs well with my gtx 1070.

","Reviewed in the United States on March 14, 2019"
133,"
Intel is an Intelligent product.
","

  Nice install and a great product.  Did an upgrade and this fit right into my plans.

","Reviewed in the United States on May 13, 2019"
134,"
No issues.
","

  Its a CPU. That does CPU things.

","Reviewed in the United States on December 28, 2018"
135,"
Great Processor!
","

  This is a very good processor. Great for gaming and other applications. The only issue is it‚Äôs a little more expensive than the AMD Ryzen series with around the same performance.

","Reviewed in the United States on February 25, 2018"
136,"
Very useful
","

  It‚Äôs very useful for beginnersBut the price is high little bit

","Reviewed in the United States on February 25, 2019"
137,"
Intel i5 8400 is Perfect for Gaming
","

  For $180, this is the best CPU out there which can handle any video game. I had a 2nd generation i7 on my MacBook Pro and this easily outperforms in every category. You can't go wrong with this processor.

","Reviewed in the United States on October 3, 2019"
138,"
Five Stars
","

  Excellent price and easy to install.  Perfect for our VR pc build.

","Reviewed in the United States on March 23, 2019"
139,"
Easy installation
","

  Easy to install. Great for gaming. Really helped with the processing power! Great Price.

","Reviewed in the United States on September 13, 2018"
140,"
budget price, premium power and speed
","

  very happy with performance of this cpu

","Reviewed in the United States on April 29, 2018"
141,"
Price and performance can‚Äôt be beat
","

  Good price not the fastest processor but good for general computing

","Reviewed in the United States on November 1, 2018"
142,"
Five Stars
","

  Used in a new build with no issues.  I did get an after market cooler.

","Reviewed in the United States on July 29, 2018"
143,"
Exelente
","

  Excelente

","Reviewed in the United States on July 31, 2018"
144,"
Good price
","

  Awesome

","Reviewed in the United States on May 5, 2018"
145,"
It came out in perfect condition!
","

  Worried it would have come damaged. It came out in perfect condition!

","Reviewed in the United States on November 29, 2018"
146,"
Good
","

  As expected

","Reviewed in the United States on December 11, 2018"
147,"
quality
","

  good

","Reviewed in the United States on June 28, 2018"
148,"
Good for budget builds
","

  Solid processor. Good for budget builds.

","Reviewed in the United States on November 6, 2018"
149,"
Amazing if your looking to upgrade and this is in ...
","

  Amazing if your looking to upgrade and this is in your price range I would say go for it I get 50-60 frames for pubg on high to ultra settings High to medium upper 70-80s.

","Reviewed in the United States on November 21, 2018"
150,"
BUT FOR THE MONEY THIS IS GREAT.
","

  WISH I COULD HAVE AFFORDED A HIGHER PROCESSOR, BUT FOR THE MONEY THIS IS GREAT.

","Reviewed in the United States on April 29, 2018"
151,"
Good price for a good product
","

  Good price for a good product

","Reviewed in the United States on November 1, 2018"
152,"
Excellent value
","

  Good pair with a GTX 1060. I have not run into any issues, CPU is fast and snappy. Love it!

","Reviewed in the United States on May 25, 2018"
153,"
Great
","

  Great

","Reviewed in the United States on July 26, 2018"
154,"
Five Stars
","

  Best deal around

","Reviewed in the United States on March 11, 2019"
155,"
Nice chip
","

  Good

","Reviewed in the United States on January 9, 2019"
156,"
Four Stars
","

  works very well no issue

","Reviewed in the United States on July 27, 2018"
157,"
excellent
","

  works perfect

","Reviewed in the United States on November 22, 2018"
158,"
Awesome and responsive
","

  Very good quality

","Reviewed in the United States on May 28, 2018"
159,"
Perfect
","

  Works no problems... gaming since day one

","Reviewed in the United States on December 23, 2018"
160,"
So much better than previous generations
","

  Works great for pubg and never goes above 60c with a cheap $10 cooler.

","Reviewed in the United States on April 29, 2018"
161,"
Good avg speed
","

  Great processor. It runs awesome. I overclocked it and it's really functioning nicely. The cooler actually works just fine range a bunch of tests on it and it's just fine.

","Reviewed in the United States on November 1, 2018"
162,"
I basically bought  Dead CPU
","

  Processor was working fine until couple months later it went dead  processor was working fine until couple months later it went dead  Thank goodness for him  thank goodness for intel  warranty plan

","Reviewed in the United States on July 3, 2018"
163,"
Great processor!
","

  This is such a fast processor, I can do ALOT of things at once and not notice any decrease in speed at all. Also VR works great with this processor too. I'm really happy with my purchase.

","Reviewed in the United States on June 7, 2018"
164,"
Computer
","

  Works perfectly

","Reviewed in the United States on July 11, 2019"
165,"
Plug and play perfection
","

  Best choice for an economical, plug and play gaming build. Rivals processors costing twice the price when it comes to gaming performance (check youtube). No need to fuss around with tweaking settings, installing overpriced high-speed RAM, premium motherboards, or expensive, bulky cooling solutions. Spend the money you'll save on a better graphics card, or just send it to me. Worried about the future? Then go ahead and pair it with a decent Z370 motherboard which has overclocking features. Then you could always sell this chip and drop in a k-series processor later, if you decide you want to mess around with overclocking.

","Reviewed in the United States on October 23, 2018"
166,"
Solid and high-quality processor, justifies its cost
","

  No dancing with tambourines, everything is simple and clear. The only caveat - the processor can not be overclocked, keep this in mind. The maximum frequency of 2.8 GHz.In some ultramodern games this can be critical

","Reviewed in the United States on December 26, 2018"
167,"
Five Stars
","

  Great CPU for the price.

","Reviewed in the United States on June 16, 2018"
168,"
Great
","

  It was great and works amazing with PC.

","Reviewed in the United States on March 12, 2019"
169,"
Best processor I've ever owned
","

  Highly recommended.

","Reviewed in the United States on June 8, 2018"
170,"
Great motherboard.
","

  Works flawlessly! Highly recommend.

","Reviewed in the United States on April 29, 2018"
171,"
Perfect
","

  Perfect

","Reviewed in the United States on November 1, 2018"
172,"
This CPU is in High Quality
","

  I am using it for Streaming and Gaming!recommended! Buy it and forgot problems!

","Reviewed in the United States on June 3, 2018"
173,"
aok
","

  aok

","Reviewed in the United States on March 31, 2019"
174,"
Great performance and stability
","

  I‚Äôve always bough i7 processors before, but this time I had a smaller budget.Not gonna lie, I‚Äôm really impressed with what I got.

","Reviewed in the United States on March 20, 2019"
175,"
Amazing
","

  Amazing

","Reviewed in the United States on February 4, 2019"
176,"
It's not perfect Considering the price
","

  I tryed to overclock the cpu to 4.0 but it didn't work so to 3.0 but it also started laging Like crazy so i just made auto like it use to but i didn't face any prombles while gaming thanks to the gpu

","Reviewed in the United States on April 7, 2019"
177,"
Five Stars
","

  Excellent value.

","Reviewed in the United States on September 14, 2018"
178,"
i5 8400
","

  Buen producto , para PC gamer y de edicion

","Reviewed in the United States on February 23, 2019"
179,"
Fast fast fast!
","

  This cpu is amazing and blazing blazing fast! I had a 1st gen i7 and this cpu blows it right outta the water straight out of the box no oc needed.

","Reviewed in the United States on April 26, 2018"
180,"
Great 6 core 6 thread cpu!
","

  Best cpu to go up against the new Ryzen cpus.

","Reviewed in the United States on April 29, 2018"
181,"
good!
","

  Don't know how to review this but its good in my current PC build. Runs everything smooth with no issues.

","Reviewed in the United States on November 1, 2018"
182,"
Five Stars
","

  Great processor! Really happy with my build using it!

","Reviewed in the United States on April 9, 2018"
183,"
Get a cpu cooler fan
","

  There is better but if you on a budget this will compare to the best

","Reviewed in the United States on August 22, 2018"
184,"
gooood
","

  gooood

","Reviewed in the United States on March 12, 2018"
185,"
Five Stars
","

  Replaced an AMD FX 8350 and nearly doubled my fps in fortnite

","Reviewed in the United States on March 10, 2019"
186,"
Good value on gaming
","

  Bought it for gaming, faster than my old i5 4th gen, price is reasonable.

","Reviewed in the United States on November 29, 2018"
187,"
Five Stars
","

  Awesome performance!

","Reviewed in the United States on April 9, 2018"
188,"
Great performance
","

  Great performance

","Reviewed in the United States on November 8, 2018"
189,"
Five Stars
","

  i love this cpu it is budget and very nice i love it

","Reviewed in the United States on June 11, 2018"
190,"
Great for gaming
","

  Fast ship, CPU arrived when they said it would. Works excellent, a fast processor I would recommend to anybody.

","Reviewed in the United States on April 29, 2018"
191,"
He's a techie and loved it.
","

  This was a gift for my son.  He's a techie and loved it.

","Reviewed in the United States on November 1, 2018"
192,"
Dead on arrival
","

  Wore an electrostatic strap attached to the case while adding cpu, once everything was together and I hit the power button I got a cpu failure/not detected code

","Reviewed in the United States on October 7, 2019"
193,"
it is a very good cpu , it is worth the money , and I love it!
","

  Awesome little cpu , good for everything , games and apps , I bought this as an upgrade for my old i7 870 , and it is a lot faster.

","Reviewed in the United States on July 5, 2018"
194,"
CPU for VR budget build
","

  Bought it for a budget VR build. I had no intention to overclock it. It did come with a stock air cooler, that I didn't use.

","Reviewed in the United States on November 14, 2018"
195,"
Best price, best value
","

  Very good processor and highly recommend

","Reviewed in the United States on June 28, 2018"
196,"
Great!!
","

  This thing is a beast I went to a old 2400 and now going to this is awesome I would highly recommend it for any streams like me who are on a budget it‚Äôs awesome!!!

","Reviewed in the United States on February 26, 2019"
197,"
Five Stars
","

  very fast

","Reviewed in the United States on June 27, 2019"
198,"
Vr Ready
","

  Works amazing, would definitely buy this product again!!!

","Reviewed in the United States on June 20, 2018"
199,"
I dig it
","

  Great processor for the price

","Reviewed in the United States on June 29, 2018"
200,"
Fast
","

  Fast

","Reviewed in the United States on April 29, 2018"
201,"
Great bang for your buck
","

  Amazing value/$ as of this writing.  quite impressed with the 8th gen onboard GPU speeds.

","Reviewed in the United States on November 1, 2018"
202,"
Five Stars
","

  Great

","Reviewed in the United States on September 3, 2019"
203,"
Excellent
","

  Good processing

","Reviewed in the United States on May 18, 2018"
204,"
Great CPU
","

  This CPU maybe a lower end but it performs perfectly like a higher end in a way one of the best cpu‚Äôs so far I would recommend it for a budget cpu.

","Reviewed in the United States on February 12, 2018"
205,"
Five Stars
","

  Clean and perfect, I already set up my desktop and seem like a perfect

","Reviewed in the United States on December 10, 2018"
206,"
As described, would buy again
","

  As described, would buy again

","Reviewed in the United States on December 29, 2018"
207,"
The stock fan is kinda cheap but it works
","

  Great price and great processor finally intel startted to work out with cheap good processor, havent boost the mhz and i wont since im not a hardcore gamer but te processor is wonderful

","Reviewed in the United States on February 14, 2018"
208,"
great processor but i recommend buying a new fan with ...
","

  great processor but i recommend buying a new fan with it because the fan that comes with it is out dated and mine broke easily.

","Reviewed in the United States on January 27, 2019"
209,"
Processor
","

  I am satisfied with your products, thanks

","Reviewed in the United States on July 17, 2018"
210,"
The best cpu for economic gaming setup
","

  The best cpu for economic gaming setup

","Reviewed in the United States on April 29, 2018"
211,"
a wonderful cpu
","

  i really like it and have used it all the time

","Reviewed in the United States on November 1, 2018"
212,"
For the non-overclockers
","

  If you don't do overclocking and you're looking for good value for money, then this is the CPU for you.

","Reviewed in the United States on May 1, 2018"
213,"
I am lucky man
","

  I am lucky man This cpu is really cheap and best performance.

","Reviewed in the United States on September 30, 2019"
214,"
Comes with a CPU cooler and fan
","

  Very fast CPU great for gaming upgraded from a good older CPU and got a lot more fps in games gaming wise it is almost as fast as any other CPU out. best budget CPU for gamers

","Reviewed in the United States on June 20, 2018"
215,"
Performance good.
","

  This is good CPU. I am satisfied with Amazon's reasonable pricing. Much better than my existing i5-750.

","Reviewed in the United States on December 24, 2018"
216,"
good
","

  =D all good

","Reviewed in the United States on March 26, 2019"
217,"
Valuable
","

  Still works good

","Reviewed in the United States on November 11, 2018"
218,"
Five Stars
","

  Very nice, i use for my games, normal use

","Reviewed in the United States on January 27, 2020"
219,"
Amazing
","

  Really great budget cpu, runs almost anything

","Reviewed in the United States on July 1, 2019"
220,"
Very powerful and fast. Comes with cooler fan and thermal paste.
","

  Very powerful and fast. Easy to install, cones with cooler fan and thermal paste. I‚Äôm thinking I can get away without a graphics card for photo processing as this is so fast.

","Reviewed in the United States on April 29, 2018"
221,"
Awesome Delivery! a cheap price and best quality
","

  I have exchaged my pc system. cpu, ram, etc...Among them, the cpu was a big hit very fast...

","Reviewed in the United States on November 1, 2018"
222,"
Five Stars
","

  great processor. good price. would buy again.

","Reviewed in the United States on November 17, 2018"
223,"
Good
","

  Good

","Reviewed in the United States on October 29, 2018"
224,"
WORKS GREAT BUILT 2 UBUNTU 18.04 COMPUTERS
","

  NO PROBLEMS SO FAR. CPU STAYS COOL

","Reviewed in the United States on June 19, 2018"
225,"
Love it!
","

  Don‚Äôt pay attention to the 2.8 GHz base clock. Once you start doing tasks it goes right up to about 4 GHz. I‚Äôm very surprised this is only $179.99 for what it does!

","Reviewed in the United States on August 2, 2018"
226,"
Excellent. With GIGABYTE H370M DS3H and ADATA XPG SX6000 ...
","

  Excellent. With GIGABYTE H370M DS3H and ADATA XPG SX6000 PCIe 128GB, got only 22W in idle and 75W compressing 4k videos in H265.

","Reviewed in the United States on November 23, 2018"
227,"
Five Stars
","

  Wonderful I loved it

","Reviewed in the United States on May 28, 2018"
228,"
Great CPU for the price
","

  Just installed it today and it's working like a charm.

","Reviewed in the United States on June 24, 2018"
229,"
Good for the budget
","

  Awesome processor for the money üëçüòâ

","Reviewed in the United States on March 3, 2018"
230,"
Llego en 5 d√≠as a la puerta de mi casa en Per√∫
","

  Una de las mejores comprasLa uso con una tarjeta MSI GTX 1660tiY va genial a 1440p

","Reviewed in the United States on April 29, 2018"
231,"
Keep it cool!!!
","

  Amazing! If using for gaming you really good! Buy fans for your pc case!!!

","Reviewed in the United States on November 1, 2018"
232,"
Return approved
","

  These CPUs did not work on my build, seller accepted the return. Thanks

","Reviewed in the United States on June 23, 2019"
233,"
I did a very Good Deal
","

  I really like It.

","Reviewed in the United States on August 4, 2018"
234,"
This is the best budget gaming CPU that won‚Äôt bottleneck
","

  Great value for money, perfect for people with no interest to Overclock would recommend:)Paired this with RTX 2060

","Reviewed in the United States on February 18, 2020"
235,"
good
","

  thanks for including the fan

","Reviewed in the United States on November 8, 2018"
236,"
Cost-benefit is great.
","

  Not the fastest on the market but still a great value.

","Reviewed in the United States on March 5, 2019"
237,"
Works great
","

  Great part for my computer, very satisfied.

","Reviewed in the United States on January 27, 2019"
238,"
Great Processor
","

  Working great. Doesn't bottleneck my gpu at all. (Nvidia Zotac 1080)

","Reviewed in the United States on January 19, 2019"
239,"
Don‚Äôt change to AMD
","

  Intel is the best.

","Reviewed in the United States on January 13, 2019"
240,"
Plz be careful
","

  Keeps blue screening

","Reviewed in the United States on April 29, 2018"
241,"
Good
","

  It‚Äôs an i5, it‚Äôs fast and good, nuff said

","Reviewed in the United States on November 1, 2018"
242,"
Good
","

  Good

","Reviewed in the United States on February 5, 2019"
243,"
No thermal paste.
","

  The thermal solution was not in the box as advertised.

","Reviewed in the United States on July 7, 2018"
244,"
Well rounded Overall
","

  Decent cpu for starting out. Totally worth the money.

","Reviewed in the United States on February 2, 2020"
245,"
Thanks
","

  Very good

","Reviewed in the United States on May 8, 2020"
246,"
Excellent processor for gaming
","

  I've had this for about 7 months now and it's worked great with my games. I can play any game on Ultra and stream.

","Reviewed in the United States on January 13, 2020"
247,"
Needs to upgrade the fans
","

  Great for the price. Fan needs and upgrade though. The stock fan looks and performs bad for 2018.

","Reviewed in the United States on January 8, 2020"
248,"
Happy with it
","

  Took a little while to get here but overall happy with the product

","Reviewed in the United States on October 30, 2018"
249,"
Great product
","

  So far no problems, computer runs faster than ever!

","Reviewed in the United States on May 28, 2018"
250,"
Good!
","

  Good

","Reviewed in the United States on April 29, 2018"
251,"
good!
","

  good!

","Reviewed in the United States on November 1, 2018"
252,"
Good price!!!
","

  Intel is crazy these days. I am satisfied with good price and quality.

","Reviewed in the United States on October 22, 2018"
253,"
Very bad
","

  I found inside a poker!!! There is no intel in the box.

","Reviewed in the United States on November 24, 2018"
254,"
Core i5 8th
","

  Excellent source of good range power and good quality

","Reviewed in the United States on November 4, 2018"
255,"
Its Aight
","

  thought this was the problem, hence the 4 stars. it wasn't. safe bet. gg boys

","Reviewed in the United States on June 8, 2019"
256,"
Five Stars
","

  it works effectively üëçüèª

","Reviewed in the United States on April 26, 2018"
257,"
Exelente
","

  Genial

","Reviewed in the United States on February 23, 2019"
258,"
Great
","

  Great

","Reviewed in the United States on June 30, 2018"
259,"
everything is good! but package is worst
","

  i enjoy battleground so almost game, edit, compile very nice ! but amazon package very slow

","Reviewed in the United States on March 4, 2019"
260,"
Great performance
","

  Excellent

","Reviewed in the United States on April 29, 2018"
261,"
amazing!
","

  Arrived exactly as described and even came with a fan and heatsink which was not expected... amazing!

","Reviewed in the United States on November 1, 2018"
262,"
Shipping
","

  Shipping was fast and great product overall!

","Reviewed in the United States on March 14, 2019"
263,"
It works great
","

  Easy to use and install works great

","Reviewed in the United States on May 24, 2018"
264,"
Intel 8400 CPU is a great gaming CPU
","

  After watching several YouTube videos and recommendations I decided to go with the Intel I5 8400 CPU. I am not interested in overclocking my CPU/RAM so did not consider the I5-8600K. The 8400 has 6 cores, and there is a turbo mode built into the processor that safely increases the frequency when needed AND DOESN'T VOID the Intel warranty. Also, 65 watts of power consumption so the CPU will run cooler not requiring liquid cooling. There have been some negative comments about the default fan - again back to YouTube videos showing it does adequately cool the CPU (by the way, the CPU is running 86 degrees right now)! The fan is very quite compared to my previous FX-6300 gaming platform. I paired the I5-8400 with the Gigabyte Z370 HD3P ATX motherboard and 8GB of 2666 ddr4 memory. CINEBENCH NUMBERS DOUBLED over the FX-6300 system that I have been using this past 3 years! Relatively easy installation and system booted right up and has been running fine for several days. Higher fps (60+) on all games so far (1080p monitor) and rich, detailed colors and great sound!

","Reviewed in the United States on January 5, 2019"
265,"
Great CPU
","

  Bought this processor to build my PC. Works like a charm and super fast.

","Reviewed in the United States on December 29, 2019"
266,"
Five Stars
","

  SUCH A BEAST!

","Reviewed in the United States on March 3, 2018"
267,"
This is best
","

  Low price is good

","Reviewed in the United States on August 1, 2018"
268,"
Good performance
","

  It's provide best performance for its value.

","Reviewed in the United States on June 10, 2018"
269,"
thx
","

  thx

","Reviewed in the United States on October 7, 2018"
270,"
good
","

  good

","Reviewed in the United States on April 29, 2018"
271,"
Five Stars
","

  good

","Reviewed in the United States on November 1, 2018"
272,"
good
","

  good price

","Reviewed in the United States on October 18, 2018"
273,"
game
","

  very good

","Reviewed in the United States on December 18, 2017"
274,"
Five Stars
","

  Very good

","Reviewed in the United States on October 23, 2018"
275,"
Perfect
","

  Perfect

","Reviewed in the United States on October 18, 2018"
276,"
Five Stars
","

  No complaints

","Reviewed in the United States on April 25, 2018"
277,"
excellent
","

  excellent

","Reviewed in the United States on August 12, 2018"
278,"
Fast delivered. No Problem. Thanks
","

  Fast delivered. No Problem. Thanks

","Reviewed in the United States on June 24, 2018"
279,"
Mainly my pubg performance was garbage but with this CPU and 16Gb of DDR4 memory ...
","

  Updated to this Intel i5-8400 from an AMD FX-8350.  Massive performance increase when it comes to gaming.  I don't stream or run a bunch of applications other gaming.  (PUBG, Fortnite, Diablo 3, & dead by daylight) for now.  Mainly my pubg performance was garbage but with this CPU and 16Gb of DDR4 memory its smooth.  Really happy with my purchase.  At this time I don't see any reason why I needed to buy the more expensive 8700k.

","Reviewed in the United States on May 13, 2019"
280,"
Five Stars
","

  the best

","Reviewed in the United States on April 29, 2018"
281,"
I love it
","

  I love this CPU, cheap and high performance

","Reviewed in the United States on November 1, 2018"
282,"
good
","

  so good

","Reviewed in the United States on March 16, 2018"
283,"
not satisfied. the box was squished and damage and i ...
","

  not satisfied. the box was squished and damage and i hope the CPU still works when i build my first pc

","Reviewed in the United States on November 24, 2018"
284,"
good
","

  very good nice

","Reviewed in the United States on October 30, 2018"
285,"
very good!
","

  Delivered safely and quicklyvery good

","Reviewed in the United States on May 25, 2018"
286,"
‚ÄúPlayed like deck of cards‚Äù
","

  I got a box of playing card from my order soooooooo be carful

","Reviewed in the United States on January 15, 2019"
287,"
cheap cpu
","

  good price good product

","Reviewed in the United States on October 19, 2018"
288,"
nice quality
","

  nice quality

","Reviewed in the United States on March 28, 2019"
289,"
good
","

  good ^^

","Reviewed in the United States on November 4, 2018"
290,"
good
","

  good

","Reviewed in the United States on April 29, 2018"
291,"
Satisfied
","

  Value for money is gooooood

","Reviewed in the United States on November 1, 2018"
292,"
üòç
","

  üòç

","Reviewed in the United States on March 2, 2019"
293,"
victory
","

  thank you

","Reviewed in the United States on November 7, 2018"
294,"
so good
","

  so good

","Reviewed in the United States on April 1, 2019"
295,"
Great
","

  exactly match with description

","Reviewed in the United States on November 14, 2018"
296,"
price
","

  best choice

","Reviewed in the United States on November 11, 2018"
297,"
goooooos
","

  it's so good

","Reviewed in the United States on September 29, 2018"
298,"
Nice CPU for gamers
","

  6C/6T

","Reviewed in the United States on December 19, 2018"
299,"
good
","

  It's good, delivery good

","Reviewed in the United States on December 8, 2018"
300,"
Efficient!
","

  Very good product , that's what I expected !

","Reviewed in the United States on April 29, 2018"
301,"
It doesn‚Äôt run hot and it has nice power.
","

  This is a very nice processor.

","Reviewed in the United States on November 1, 2018"
302,"
searching
","

  very good

","Reviewed in the United States on July 5, 2018"
303,"
Speedy delivery
","

  Good quality

","Reviewed in the United States on July 5, 2018"
304,"
Its awesome
","

  Awesome

","Reviewed in the United States on October 24, 2018"
305,"
good
","

  very nice

","Reviewed in the United States on November 16, 2018"
306,"
Thank you.
","

  Thank you.

","Reviewed in the United States on November 28, 2018"
307,"
Five Stars
","

  Very Great.

","Reviewed in the United States on November 4, 2018"
308,"
enough
","

  good

","Reviewed in the United States on October 27, 2018"
309,"
Excelente
","

  Muy buena compra, excelente microprocesador

","Reviewed in the United States on July 20, 2018"
310,"
great and easy to install
","

  installed super easy. no separate thermal paste required.works great.  8th-generation intel processors are the latest and greatest (for now).  used this to build a moderate-end gaming PC. came at an affordable price-point. couldn't recommend it more. make sure all your components are compatible.

","Reviewed in the United States on April 29, 2018"
311,"
Five Stars
","

  Good price, excelent product. Nice....

","Reviewed in the United States on November 1, 2018"
312,"
Very fast.
","

  I am so glad I could get it for MSRP with Prime.This processor is really good for going thanks to the boost.

","Reviewed in the United States on March 10, 2018"
313,"
little bit slower than amd ryzen
","

  it was either this or the ryzen 5.  i chose the intel because of the name.  benchmarks are not as fast as the ryzen, but at least it has integrated graphics.  only other drawback is that it requires the 300 series motherboard (more money spent).  hopefully, the 300 series motherboard will support future intel chips for many years to come.

","Reviewed in the United States on May 1, 2018"
314,"
Five Stars
","

  Intel CPUs rock. And YES, it does come with a standard heatsink and fan, including thermal paste ready-to-mount.

","Reviewed in the United States on November 28, 2017"
315,"
I used this is a micro build and I love it.
","

  This is a fast procoessor, I see noticable.improvements over my 5th Gen i5.  I used this is a micro build and I love it.

","Reviewed in the United States on September 12, 2018"
316,"
Very good CPU for the money
","

  This thing is fast! And for the price, can't beat it. Handles everything my college student - daughter throws at it. I deducted one star for one reason.. it's not an i7. That extra star is reserved for that series.

","Reviewed in the United States on July 9, 2018"
317,"
No issues operating my system
","

  Great CPU, haven't had any issues operating my system with it in, handle all my up to date games and more

","Reviewed in the United States on April 1, 2018"
318,"
Great product as always, if you can find it.
","

  Great product as always, if you can find it.

","Reviewed in the United States on September 28, 2018"
319,"
It's Intel!  I've been using their CPUs for decades. Can't wait to finish the build and take it for a test drive.
","

  The product information left out one thing. The CPU comes with an Intel heat sink and fan.

","Reviewed in the United States on January 6, 2018"
320,"
Four Stars
","

  The best gaming processor you can buy for $200!!!

","Reviewed in the United States on April 29, 2018"
321,"
Five Stars
","

  Very fast chip for the price....

","Reviewed in the United States on November 1, 2018"
322,"
Five Stars
","

  good

","Reviewed in the United States on January 26, 2018"
323,"
Product was just received, i can first look that ...
","

  Product was just received, i can first look that there is no protection bags inside the amazon box. I will be updating review as soon as the product is used

","Reviewed in the United States on April 3, 2018"
324,"
IGN 10/10 WOULD BUY AGAIN
","

  this was a great product that worked wonderfully its a shame i had to return it. i ordered a 8700k but had to wait for it like most people and i know its scummy but i returned it once the 8700k arrived. ran every game i threw at it very well at 1080 1440 and 4k. would recommend to anyone looking for an entry level cpu. the i5 8400 will be a better option when the lower end boards come out wouldn't recommend  to use with z370. honestly a great chip plenty of cores to run large open world games at a decent frame rate or building games like prison architect. 10/10 IGN would buy again!

","Reviewed in the United States on November 12, 2017"
325,"
Five Stars
","

  it is so so fantastic!!

","Reviewed in the United States on March 2, 2018"
326,"
Five Stars
","

  Very good

","Reviewed in the United States on November 10, 2017"
327,"
Five Stars
","

  GOOD

","Reviewed in the United States on December 30, 2017"
328,"
Five Stars
","

  Good!

","Reviewed in the United States on November 10, 2017"
329,"
Best!
","

  Excelente...Best!

","Reviewed in the United States on December 6, 2017"
330,"
Best bang for your buck for gaming in years hands down!
","

  sucks waiting for video-cards pricing to go back to normal...

","Reviewed in the United States on April 29, 2018"
331,"
Buy it if you get a chance.
","

  Recently had a i7 3770 3rd genThis i5 blows it out of the water imo really happy with this cpu and it was faster shipping then expected awesome job.

","Reviewed in the United States on November 1, 2018"
332,"
Five Stars
","

  Excellent value in late 2017

","Reviewed in the United States on February 11, 2018"
333,"
vroom vroom so quick
","

  Its lit. 4.0Ghz single core turbo or 3.8Ghz all core turbo. Save $100 and get this instead of the 8600k unless you're an xX-Ov3rCl0ck3r-Xx

","Reviewed in the United States on November 15, 2017"
334,"
Gamechanger!
","

  Gamechanger! Glad i upgraded!!

","Reviewed in the United States on November 6, 2017"
335,"
Terrible CPU performance compared to other generations
","

  I was hoping that the 8th generation of intel's i5 CPUs would be good, but in all honesty I can't see much difference in performance between the 8th generation and the 4th generation that I have on my desktop. The performance is really subpar overall. It seems like the same thing rebranded with marginal improvements. I wouldn't recommend it.

","Reviewed in the United States on October 15, 2017"
336,"
This didn‚Äôt even come functional somehow I‚Äôm dissatisfied like I put it in for it to not even ...
","

  This didn‚Äôt even come functional somehow I‚Äôm dissatisfied like I put it in for it to not even work

","Reviewed in the United States on October 15, 2017"
337,"
The extra cores are nice, and my framerates hold steady in every game ...
","

  Just upgraded to this chip from a first-generation i5 750, and I'm blown away by how well this chip performs. The extra cores are nice, and my framerates hold steady in every game I throw this at. Have had no problems with overheating even on stock cooler, and installation was as simple as could be. Very happy with these coffee lake processors, and the 8400 especially is a great bargain.

","Reviewed in the United States on June 11, 2019"
338,"
Best Bang for Your Buck!!!
","

  This is by far the best bang for your buck when it comes to processors. The i5 8400 also runs extremely cool. I have this in a very small and compact case with only the stock fan/heatsink. Under load, it runs no higher than 65 degrees C. When idling it sits at about 40 degrees C. The stock fans are quiet for the most part whether idling or under load. The only downside of the 8400 is that it doesn't have the ability to overclock. However, I have not gotten to the point where I need to. Right now this a beast for gaming along with my GTX 1080.

","Reviewed in the United States on April 23, 2018"
339,"
Very good value per core and a good, future-proof choice for gamers and majority of users.
","Intel BX80684I58400 8th Gen Core i5-8400 Processor

  ¬†Please note that my mini-review is based on the limited in store testing, I am still waiting for my CPU to arrive so I can confirm the findings.To sum up, i5-8400 is currently the most affordable way to get a six core Intel build. It works out at $30 per core, which is even less than a cost per core of previous generation Kaby Lake CPUs.The downsides are - the multiplier overclocking is disabled and the base clock is pretty low, the TDP is limited to 65W.In practice what this means is a lot of benchmarks that can take advantage of 6 cores will look better than a 4-core CPU, but in single threaded tasks or some games, faster clocked cores can still give better responsiveness.The i5 8400 offers more than good enough performance for most tasks and uses very little power in idle and is still limited to around 65Watts under load. In my view this makes it a very good CPU choice for a main productivity/gaming machine that is powered on 24/7 or most of the day.The 6 cores future-proof the computer in case one suddenly wants to try their talents and a video game streamer or something similar.Paired with 370 chipset it also opens up a possibility of an upgrade, if someone really finds this CPU to be too limiting.Overall, I find this particular CPU to be of very good value currently and also offering enough performance for the majority of computing tasks - hence 5 stars.

","Reviewed in the United States on October 25, 2017"
340,"
work in gigabyte 360m fine
","

  work in gigabyte 360m fine

Intel Core i5-8400 Desktop Processor 6 Cores up to 4.0GHz Turbo LGA1151 300 Series 65W BX80684i58400","Reviewed in the United States on April 29, 2018"
341,"
Coffee Lake is amazing!
","

  Fantastic CPU and better than anything Ryzen has to offer for gaming. Only gripe is you have to wait for the H370 and B360 motherboards next year. Great option for those who don't want the headache of overclocking.

","Reviewed in the United States on November 1, 2018"
342,"
Five Stars
","

  Good!

","Reviewed in the United States on June 3, 2018"
343,"
Amazing
","

  Got it a week earlier!Works great

","Reviewed in the United States on October 8, 2017"
344,"
good
","

  it was what was written

","Reviewed in the United States on March 9, 2018"
345,"
Five Stars
","

  Good

","Reviewed in the United States on February 13, 2019"
346,"
Five Stars
","

  issue?

","Reviewed in the United States on November 18, 2018"
347,"
Not worth the money
","

  Decent cpu, but compared to the amd ryzen 1600 or 2600, they're going to be the cheaper and better performing option than this

","Reviewed in the United States on April 16, 2018"
348,"
... before but I ran the bios update for intels brilliant meltdown screwup and took a 35% hit to my ...
","

  I gave it 5 stars before but I ran the bios update for intels brilliant meltdown screwup and took a 35% hit to my ssd performance. Gonna have to give it a 1 star now.

","Reviewed in the United States on January 8, 2018"
349,"
A nearly as good as 7700K in gaming at half the price
","

  Mainstream gaming champion of the bunch.A nearly as good as 7700K in gaming at half the price.

","Reviewed in the United States on July 8, 2018"
350,"
better then the ryzen 1600 PTP
","

  for the price it has better about the same if not better then the new i7 8700k for half the price and is about the same the a ryzen1600 in gaming for the most part but cheaper so the i5 is better in the standpoint  but when it comes to rendering videos or productivity wise it falls short but that's to be expected of it for the smaller thread count the i7 8700k is better for that by a huge margin

","Reviewed in the United States on April 29, 2018"
351,"
$187 for a chip that is better in gaming then ANY Ryzen
","

  $187 for a chip that is better in gaming then ANY Ryzen???  yes please  ~ Don't be a fanboy.  Do your homework.  Its, AMAZING

","Reviewed in the United States on November 1, 2018"
352,"
amazing product but do not buy from gigaparts because they ...
","

  amazing product but do not buy from gigaparts because they will overcharge you if your not paying attention like i did.. wait it out till its anywhere form 200 to 250, i was charged 300 thinking it was normal

","Reviewed in the United States on October 5, 2017"
353,"
One Star
","

  Would be nice if they made more than 10 at a time...

","Reviewed in the United States on October 8, 2017"
354,"
Not worth it for price
","

  Alright so here's my honest opinion. Lacks in productivity benchmarks against ryzen 1600 and gaming performance is kinda same. You have to buy cpu cooler separately which brings it to almost same price as ryzen. Also new motherboard every launch doesn't help given you would be able to upgrade ryzen to ryzen+ and ryzen 2 without buying new mobo. If this was about 150-160 then sure, this would have been pretty nice upgrade but at current price, not really worth it.

","Reviewed in the United States on December 1, 2017"
355,"
Fake release in extremely limited production. What game is Intel playing?
","

  I've been waiting for this but alas, a rush release by Intel to trick the market and cheat the consumers. Besides, once you upgrade your motherboard along with the Coffee Lake there is no upgrade path. Next year there will be an new socket and a new Lake. Better off going with a Ryzen and having multiple upgrade options for next generation processors.

","Reviewed in the United States on November 16, 2017"
356,"
One Star
","

  Like UFOs and Big Foot, it doesn't exist! #vaporware.

","Reviewed in the United States on October 6, 2017"
357,"
Two Stars
","

  Should have been at least more performance than ryzen 1600. Taking mobo cost the cost. Add up

","Reviewed in the United States on October 20, 2017"
358,"
Not impressed, its lame. 3rd generation on 14nm with new mobo
","

  6 core and 6 thread unlocked with very less cache memory and only 10$ cheaper than unlocked 1600x, not impressed.Power consumption((not tdp)) is same as 12 core AMD thread-ripper.Only advantage is clock speed. better to buy cheap unlocked i3 if you want to 5.0ghz processor :xD3rd generation on 14nm with new MB, and coming with 12nm with 2nd gen ryzen.Canon lake will be 10nm which will require new MB again.

","Reviewed in the United States on October 19, 2017"
359,"
Trash
","

  Trash garbage launch

","Reviewed in the United States on October 5, 2017"
360,"
Intel Core i5-8400 Desktop Processor 6 Cores up to 4.0 GHz LGA 1151 300 Series 65W
","

  Works exceptionally well. Great price. Processor works better than expected. I have purchased a number of Intel Core i5 processors over the years and all of them have performed extremely well. Thank you Intel...A+++++++

","Reviewed in the United States on April 29, 2018"
361,"
Love the i5
","

  Having an Emachine since 2006 I decided to build my own computer and had been using a duel processor. I bought a new motherboard and ram and the i5 I was amazed at how fast it was.

","Reviewed in the United States on November 1, 2018"
362,"
What an upgrade
","

  Over an 8 year old i5 and 2rpm hard drive.  Lol.

","Reviewed in the United States on June 14, 2019"
363,"
Great cpu
","

  What a beast for the money

","Reviewed in the United States on May 29, 2019"
364,"
Its Intel
","

  Solid overall

","Reviewed in the United States on May 21, 2019"
365,"
Good
","

  Goid

","Reviewed in the United States on July 23, 2019"
